{
  "project_info": {
    "project_number": "1023227629923",
    "firebase_url": "https://ifood-3490e.firebaseio.com",
    "project_id": "ifood-3490e",
    "storage_bucket": "ifood-3490e.appspot.com"
  },
  "client": [
    {
      "client_info": {
        "mobilesdk_app_id": "1:1023227629923:android:97d5d0041ca86ecb",
        "android_client_info": {
          "package_name": "br.com.ifood.cursoandroid.ifood"
        }
      },
      "oauth_client": [
        {
          "client_id": "1023227629923-ksvtgaje2bnhtam4t2op4lvcvj6e01sv.apps.googleusercontent.com",
          "client_type": 1,
          "android_info": {
            "package_name": "br.com.ifood.cursoandroid.ifood",
            "certificate_hash": "691d69cba8233c0c9efcceab7358ecb069d55ca1"
          }
        },
        {
          "client_id": "1023227629923-02o89viilpl2dgee6leji48c0gn6hvij.apps.googleusercontent.com",
          "client_type": 3
        }
      ],
      "api_key": [
        {
          "current_key": "AIzaSyBGX0vn8uhuKTgEvBYRmJVRWrsV_GY8UJ0"
        }
      ],
      "services": {
        "analytics_service": {
          "status": 1
        },
        "appinvite_service": {
          "status": 2,
          "other_platform_oauth_client": [
            {
              "client_id": "1023227629923-02o89viilpl2dgee6leji48c0gn6hvij.apps.googleusercontent.com",
              "client_type": 3
            }
          ]
        },
        "ads_service": {
          "status": 2
        }
      }
    }
  ],
  "configuration_version": "1"
}